{
  "timestamp": "2025-08-10T19:46:48.715162",
  "counts": {
    "total": 90,
    "online": 90,
    "errors": 0
  },
  "digital_on": [
    "A2_State",
    "A4_State",
    "B0_State",
    "Out_A0_State",
    "Out_A4_State"
  ],
  "analog_samples": {
    "AI0_Scaled": 2.0,
    "AI0_Offset": 2.0,
    "AI0_Scalar": 10.0,
    "AI1_Scaled": 1.2000000476837158,
    "AI1_Offset": 1.2000000476837158,
    "AI1_Scalar": 10.0
  }
}